drug,7_days,7_days_min,7_days_max,14_days,30_days
My Way 1.5 Mg Tablet,403,-383,1199,609,835
Briellyn Tablet,-19,-794,756,224,715
Enskyce 28 Tablet,4704,613,8736,9615,17548
Nortrel 7-7-7-28 Tablet,-35,-732,649,4,207
Budesonide 0.5 Mg/2 Ml Susp,2433,-79,4933,12525,46529
Junel Fe 1 Mg-20 Mcg Tablet,-207,-1322,884,-508,-1522
Ortho Tri-Cyclen Lo Tablet,1413,266,2548,9207,80226
Yasmin 28 Tablet,-73,-489,342,-190,-472
Zolpidem Tartrate 5 Mg Tablet,713,712,713,1672,284
Epiduo Forte 0.3-2.5% Gel Pump,-1562,-5957,2854,-2957,-5763
Nortrel 1-35 28 Tablet,598,-1513,2758,1014,2052
Microgestin 21 1-20 Tablet,24,-696,758,-24,-252
Montelukast Sod 10 Mg Tablet,90,-285,474,191,371
Microgestin 21 1.5-30 Tab,51,-381,504,109,105
Ella 30 Mg Tablet,2639,1845,3422,5370,12329
Enpresse-28 Tablet,1090,1090,1090,2287,6151
Junel Fe 24 Tablet,455,-1691,2568,636,907
Cialis 20 Mg Tablet,399,-54,854,494,445
Cryselle-28 Tablet,2233,-237,4692,4934,11864
Valacyclovir Hcl 1 Gram Tablet,2652,-1147,6526,5428,13700
Finacea 15% Foam,230,-2466,2851,424,2008
Truvada 200 Mg-300 Mg Tablet,-8183,-31723,15661,-19323,-50934
Armour Thyroid 30 Mg Tablet,-132,-265,2,-523,-843
Loratadine 10 Mg Tablet,57,39,75,125,307
Junel 1.5 Mg-30 Mcg Tablet,-182,-1083,685,-449,-924
Microgestin Fe 1.5-30 Tab,394,-284,1069,952,1830
Drospirenone-Ee 3-0.03 Mg Tab,1386,-6249,9128,2609,13195
Apri 28 Day Tablet,-2580,-5444,292,-6395,-15726
Camrese Lo Tablet,1872,-1327,5066,3620,11916
Mexiletine 150 Mg Capsule,-99692,-99692,-99692,-253390,-352088
Nikki 3 Mg-0.02 Mg Tablet,-3452,-19547,12279,-9062,-23768
Eucrisa 2% Ointment,-2241,-6686,2205,-5533,-12645
Norethind-Eth Estrad 1-0.02 Mg,433,-2965,3857,-1,-3773
Vestura 3 Mg-0.02 Mg Tablet,-800,-1636,28,-4632,-27698
Levonor-Eth Estrad 0.15-0.03,419,-1654,2485,803,2708
Depo-Subq Provera 104 Syringe,-155,-1281,941,-424,-995
Tri-Sprintec Tablet,-1144,-13876,11902,-7811,-35550
"Metformin Hcl 1,000 Mg Tablet",382,279,484,766,2120
Aviane-28 Tablet,493,-3184,4111,872,1641
Levonor-Eth Estrad 0.1-0.02 Mg,27974,17123,38998,84081,293131
Levora-28 Tablet,-72,-843,692,-31,90
Clobetasol 0.05% Shampoo,7085,7081,7091,-19665,-278304
Trivora-28 Tablet,150,-723,1031,238,164
Norethindrone 0.35 Mg Tablet,955,-14154,16135,-1078,-2094
Beyaz 28 Tablet,-332,-823,160,-675,-1875
Propranolol Er 60 Mg Capsule,-18,-18,-18,755,5619
Viagra 100 Mg Tablet,185,185,185,856,3856
Nora-Be Tablet,-59,-420,298,-144,-439
Tri-Legest Fe-28 Day Tablet,-98,-796,613,-232,-720
Levono-E Estrad 0.15-0.03-0.01,17571,-1991,36886,35034,43670
Hydrochlorothiazide 25 Mg Tab,66,-10,142,135,208
Junel 1 Mg-20 Mcg Tablet,33,-639,679,65,-126
Loestrin Fe 1-20 Tablet,-99,-777,575,-67,-235
Sprintec 28 Day Tablet,39455,-8741,86769,70404,64976
Doryx Mpc Dr 120 Mg Tablet,498,-2190,3193,1351,2715
Viagra 50 Mg Tablet,1459,1340,1581,5974,29829
Viagra 25 Mg Tablet,435,435,435,2310,-2798
Drosp-Ee-Levomef 3-0.02-0.451,-628,-6728,5512,-2968,-9516
Mononessa 28 Tablet,511,-66,1086,1001,2094
Sorilux 0.005% Foam,-767,-13534,11980,-61,9889
Drospirenone-Ee 3-0.02 Mg Tab,-7815,-35372,20185,-19868,-55102
Zovia 1-35e Tablet,-389,-2193,1340,-1586,-5475
Tri-Lo-Sprintec Tablet,-1678,-5634,2450,-3974,-9394
Microgestin Fe 1-20 Tablet,88,-497,647,78,-356
"Vit D2 1.25 Mg (50,000 Unit)",860,742,976,4734,25790
Lisinopril-Hydrochlorothiazide 10-12.5 Mg Tab,-414,-414,-414,-772,2897
Latisse 0.03% Eyelash Solution,8172,1529,14756,15988,34098
Velivet 28 Day Tablet,185,-535,901,415,934
Trinessa Lo Tablet,-23,-789,712,-246,-393
Sildenafil 20 Mg Tablet,28903,7823,49875,62864,155465
Blisovi 24 Fe Tablet,-294,-1536,971,-682,-1192
Simvastatin 40 Mg Tablet,655,595,714,3245,15255
Kelnor 1-35 28 Tablet,665,-331,1666,1277,1970
Lo Loestrin Fe 1-10 Tablet,-647,-3765,2549,-1399,-3698
Fabior 0.1% Foam,-88,-16146,16125,-162,-860
Amlodipine Besylate 2.5 Mg Tab,-1989,-1990,-1989,-3968,-7768
Xulane Patch,-11967,-23468,-739,-25062,-59834
Finasteride 1 Mg Tablet,1094,-31023,31802,1447,5661
Noreth-Estrad-Fe 1-0.02(24)-75,2927,-3578,9734,4940,5482
Trinessa Tablet,-145,-832,542,-237,157
Nuvaring Vaginal Ring,-2265,-6181,1591,-4902,-11681
Lutera-28 Tablet,-7754,-18635,3262,-16088,-33803
Yaz 28 Tablet,-130,-1589,1275,-242,-478
Noreth-Estrad-Fe 1-0.02(21)-75,14747,5635,24008,29773,64900
Cialis 10 Mg Tablet,-302,-454,-155,-1430,-4701
Ortho Tri-Cyclen 28 Tablet,-14,-310,281,-127,-230
Viorele 28 Day Tablet,1302,-925,3557,3726,9114
Blisovi Fe 1-20 Tablet,3633,-2491,9792,7765,19968
Levonorgestrel-Eth Estrad 0.15 Mg-0.03 Mg Tablet,1335,-1551,4233,2757,5920
Junel Fe 1.5 Mg-30 Mcg Tablet,-401,-2953,2146,-1062,-1696
Cialis 5 Mg Tablet,-199,-374,-24,-1653,-18177
Levonest-28 Tablet,-13,-200,172,108,631
Cialis 2.5 Mg Tablet,157,57,258,521,3761
Fluoxetine Hcl 20 Mg Capsule,422,-104,945,993,2289
Low-Ogestrel-28 Tablet,-925,-2270,401,-2896,-10100
Ocella 3 Mg-0.03 Mg Tablet,871,-4008,5583,1404,2584
Aczone 7.5% Gel Pump,-515,-5906,4964,-1069,-2048
Prednisone 5 Mg Tablet,78,78,78,-2,-1353
Gabapentin 300 Mg Capsule,112,-137,363,329,1141
Trazodone 100 Mg Tablet,-247,-383,-113,-1791,-15079
Metoprolol Tartrate 25 Mg Tab,368,255,483,512,-73
Errin 0.35 Mg Tablet,-696,-4113,2772,-1626,-4016
Camila 0.35 Mg Tablet,-122,-990,770,-352,-1032
Wera 0.5/0.035 Mg 28 Tablet,-5,-561,545,250,1661
Clind Ph-Benzoyl Perox 1.2-5%,-342,-1916,1185,1492,19527
Levothyroxine 75 Mcg Tablet,-180,-270,-89,-413,-916
Absorica 30 Mg Capsule,2049,-16955,20706,4743,9771
Absorica 40 Mg Capsule,-2050,-6203,1998,-2587,-5557
Heather Tablet,4076,384,7717,10007,15403
Levothyroxine 88 Mcg Tablet,-152,-152,-151,-395,-1428
Warfarin Sodium 1 Mg Tablet,-767,-767,-767,-1528,-215
Docusate Sodium 100 Mg Softgel,267,267,267,813,2487
Reclipsen 28 Day Tablet,-14,-189,162,-19,-115
Alprazolam 1 Mg Tablet,-555,-555,-555,-1043,-4777
Hydrochlorothiazide 50 Mg Tab,-760,-760,-760,-429,2462
Proventil Hfa 90 Mcg Inhaler,1028,1028,1028,2653,1961
Chlorthalidone 25 Mg Tablet,-3550,-3550,-3550,-12317,-12647
Lisinopril 20 Mg Tablet,185,98,269,429,1435
Famotidine 20 Mg Tablet,-154,-155,-153,1382,13161
Clonazepam 1 Mg Tablet,861,861,861,1998,3302
Levitra 2.5 Mg Tablet,-625,-627,-623,-1583,-4504
Aubra-28 Tablet,-1404,-1404,-1404,-13382,-673
Zarah Tablet,386,-6793,7496,1120,5676
Carvedilol 12.5 Mg Tablet,-4,-4,-3,173,-98
Portia-28 Tablet,-725,-3913,2470,-1314,-1580
Diclofenac Sod Ec 75 Mg Tab,21,21,21,160,4431
Ezetimibe 10 Mg Tablet,-826,-1144,-510,-4595,-26260
Simvastatin 20 Mg Tablet,61,-15,135,113,326
Losartan Potassium 100 Mg Tab,-99,-578,387,-53,-22
Omega-3 Ethyl Esters 1 Gm Cap,-304,-343,-264,-530,-311
Losartan Potassium 50 Mg Tab,-144,-304,15,-274,-389
Kariva 28 Day Tablet,431,-435,1303,874,2204
Atorvastatin 80 Mg Tablet,-3170,-3170,-3170,22790,143936
Metformin Hcl 850 Mg Tablet,1018,1018,1019,2504,4040
Glimepiride 2 Mg Tablet,312,-6,629,605,1061
Clobetasol 0.05% Solution,-341,-1581,951,-794,-1737
Rizatriptan 10 Mg Tablet,-5101,-5101,-5101,-12459,-20337
Rhofade 1% Cream,503,-1486,2464,1033,2354
Metoprolol Succ Er 25 Mg Tab,39,-160,238,-1035,-18058
Norethin-Estra-Fe 0.8-0.025 Mg,-773,-2518,1064,-1660,-2959
Zovia 1-50e Tablet,600,524,674,1317,2986
Levothyroxine 100 Mcg Tablet,-221,-222,-220,-317,-211
Spironolactone 50 Mg Tablet,-14,-377,347,-38,-184
Altavera-28 Tablet,-17768,-17769,-17766,-43714,-1315
Trazodone 50 Mg Tablet,1774,1422,2131,4776,11269
Clobetasol 0.05% Cream,212,-2118,2523,482,-1152
Marlissa-28 Tablet,2886,-324,5903,5016,10615
Armodafinil 250 Mg Tablet,-1538,-1538,-1538,-5401,-3380
Ciclopirox 1% Shampoo,708,-1065,2500,1309,1154
Doxycycline Hyclate 100 Mg Tab,3495,1584,5353,6358,4397
Halog 0.1% Ointment,10316,10313,10318,34722,62931
Loestrin Fe 1.5-30 Tablet,-104,-2196,1949,-337,-1507
Gabapentin 100 Mg Capsule,4803,4803,4803,13971,26099
Tizanidine Hcl 4 Mg Tablet,-4196,-4196,-4196,-11763,-25197
Ventolin Hfa 90 Mcg Inhaler,31,-25,88,73,133
Sertraline Hcl 50 Mg Tablet,338,251,426,791,1272
Mycophenolate 500 Mg Tablet,-610,-610,-610,-4060,-19658
Desoximetasone 0.25% Cream,-13809,-13824,-13800,-26321,-51598
Hydroxyzine Hcl 10 Mg Tablet,854,853,854,55,-8919
Pantoprazole Sod Dr 40 Mg Tab,-21,-521,483,60,365
Metformin Hcl 500 Mg Tablet,-312,-754,130,-1763,-6835
Progesterone 100 Mg Capsule,42,-240,314,41,-438
Propranolol 20 Mg Tablet,1828,-1881,5540,2491,8782
Losartan Potassium 25 Mg Tab,-2534,-2534,-2534,-8941,-18118
Previfem Tablet,78,4,154,230,912
Spironolactone 25 Mg Tablet,12,-113,137,35,16
Diphenhist 25 Mg Captab,104,104,104,277,293
Fluocinonide 0.05% Solution,382,-154,924,1025,11965
Bupropion Hcl Xl 150 Mg Tablet,684,-430,1826,1540,5288
Fluoxetine Hcl 40 Mg Capsule,253,-106,618,586,1298
Loryna 3 Mg-0.02 Mg Tablet,17445,12665,22258,37039,90848
Azathioprine 50 Mg Tablet,-145,-145,-145,1533,5255
Onexton Gel Pump,181,-3105,3487,1149,4516
Lisinopril-Hydrochlorothiazide 20-25 Mg Tab,177,156,199,390,880
Amlodipine Besylate 5 Mg Tab,-257,-542,30,-824,-1618
Drysol Dab-O-Matic Solution,-180,-180,-180,-1194,-1552
Duloxetine Hcl Dr 60 Mg Cap,22,-403,439,7,866
Aczone 5% Gel,-5933,-7353,-4521,-10179,6235
Minastrin 24 Fe Chewable Tab,1062,-1047,3268,2854,6066
Lisinopril 40 Mg Tablet,162,90,233,294,240
Juleber 28 Day Tablet,-124,-1673,1406,-1745,-22600
Hydroquinone 4% Cream,-1870,-1870,-1870,-7142,-18839
Omeprazole Dr 40 Mg Capsule,-52,-193,92,-136,173
Veltin 1.2%-0.025% Gel,-21929,-21929,-21929,-32014,30970
Fluocinonide 0.05% Cream,-47622,-47622,-47622,-110058,-129148
Hydroxyzine Hcl 50 Mg Tablet,-2096,-2096,-2096,-2401,-390
Citalopram Hbr 20 Mg Tablet,145,-44,335,276,480
Combivent Respimat Inhal Spray,-604,-604,-604,-1249,-5595
Myorisan 40 Mg Capsule,1612,-4270,7323,2888,1199
Norlyda 0.35 Mg Tablet,479,-878,1793,-606,-54652
Venlafaxine Hcl Er 75 Mg Cap,781,260,1300,1690,-6304
Orsythia-28 Tablet,-86,-549,374,-280,-1365
Triamcinolone 0.1% Ointment,2664,2664,2664,6218,9030
Estradiol Tds 0.025 Mg/day,3153,3153,3153,8695,16305
Taytulla 1 Mg-20 Mcg Capsule,-113,-650,422,-312,-308
Amethia 0.15-0.03-0.01 Mg Tab,9043,-12192,30141,14113,10016
Bupropion Hcl Xl 300 Mg Tablet,1737,675,2815,2335,1423
Estradiol-Noreth 0.5-0.1 Mg Tb,1327,1326,1327,2713,2451
Natazia 28 Tablet,-105,-392,176,-119,-359
Lisinopril 10 Mg Tablet,103,-15,216,155,164
Baclofen 10 Mg Tablet,-347,-349,-346,-6880,469
Oxybutynin Cl Er 10 Mg Tablet,2256,2256,2256,6477,16979
Larin Fe 1.5-30 Tablet,2333,-2106,6802,3419,3426
Triamcinolone 0.025% Oint,-473,-473,-473,-3045,-11739
Fluticasone Prop 50 Mcg Spray,409,391,427,-523,-19806
Buspirone Hcl 15 Mg Tablet,0,-190,193,-2266,-22836
Carvedilol 3.125 Mg Tablet,-2871,-2871,-2871,-206,22208
Tamsulosin Hcl 0.4 Mg Capsule,-51,-265,161,-77,92
Aspirin Ec 81 Mg Tablet,496,495,498,335,4422
Ursodiol 300 Mg Capsule,1338,1338,1338,-14307,-69791
Pioglitazone Hcl 30 Mg Tablet,189,189,189,190,206
Losartan-Hydrochlorothiazide 100-25 Mg Tab,84,84,84,-1386,-1602
Mupirocin 2% Ointment,16,-228,257,107,-122
Tretinoin 0.025% Gel,-36508,-36508,-36507,-72095,178947
Exemestane 25 Mg Tablet,-21792,-21808,-21770,-93175,-241925
Camrese 0.15-0.03-0.01 Mg Tab,-300,-7800,7031,-1416,-4602
Topicort 0.25% Spray,325,145,504,1653,7997
Tacrolimus 1 Mg Capsule,7976,7976,7976,22832,-15958
Furosemide 20 Mg Tablet,-308,-308,-308,-572,-2145
Anastrozole 1 Mg Tablet,37,25,50,277,2624
Doxycycline Mono 50 Mg Tablet,-22,-289,242,-90,-148
Novolog 100 Units/ml Flexpen,-2860,-2860,-2860,-5838,-6090
Atorvastatin 20 Mg Tablet,38,-110,182,96,245
Hydroxychloroquine 200 Mg Tab,-978,-1260,-691,-2825,-3424
Fluconazole 200 Mg Tablet,195,-18,410,702,338
Seasonique 0.15-0.03-0.01 Tab,-3393,-6810,-32,-4432,35450
Clindamycin Phos 1% Pledget,-186,-442,73,-165,-103
Calcium 500 Mg Tablet,-3,-3,-3,-6,-13
Hydroxyzine Hcl 25 Mg Tablet,1640,1579,1701,6716,23360
Atorvastatin 40 Mg Tablet,516,276,750,280,-7888
Lovastatin 20 Mg Tablet,21,21,21,-317,-1409
Dexilant Dr 30 Mg Capsule,3038,3038,3038,173,-7614
Alyacen 7-7-7-28 Tablet,2300,1265,3355,10621,55142
Triamcinolone 0.1% Cream,21,-120,166,75,227
Enstilar 0.005%-0.064% Foam,-1226,-12093,9607,-1883,-2501
Dexilant Dr 60 Mg Capsule,-6233,-6233,-6232,-22063,-64511
Metoprolol Tartrate 50 Mg Tab,-237,-237,-237,-414,736
Eletriptan Hbr 40 Mg Tablet,-51878,-51878,-51878,-52579,-12419
Paroxetine Hcl 20 Mg Tablet,42,-82,163,20,23
Phenazopyridine 200 Mg Tab,49,47,50,-296,-8161
Armour Thyroid 90 Mg Tablet,483,483,483,1869,5337
Tri-Lo-Marzia Tablet,-674,-5290,3985,-1677,-3176
Desogestr-Eth Estrad Eth Estra,2127,-298,4503,3712,4199
Tretinoin 0.025% Cream,235,-3517,3924,159,-715
Larin Fe 1-20 Tablet,63,-265,393,-2,-215
Clomiphene Citrate 50 Mg Tab,5828,5828,5828,14695,29472
Escitalopram 10 Mg Tablet,683,-31,1404,1414,3219
Amlodipine Besylate 10 Mg Tab,411,126,696,731,1347
Rosuvastatin Calcium 20 Mg Tab,420,-520,1340,884,1129
Tri-Estarylla Tablet,279,-147,703,734,1871
Foltanx Tablet,-47,-47,-46,-46,414
Myorisan 30 Mg Capsule,1460,-5018,7923,3993,6365
Valacyclovir Hcl 500 Mg Tablet,159,-855,1160,320,1176
Myorisan 20 Mg Capsule,29,-1325,1348,-670,710
Sumatriptan Succ 50 Mg Tablet,-1616,-1616,-1616,-2516,-2087
Erythromycin 2% Gel,-2807,-2807,-2807,-9629,-5771
Cyclobenzaprine 10 Mg Tablet,3948,3948,3948,13663,21422
Lamotrigine Er 250 Mg Tablet,37838,37838,37838,80795,-80421
Clonidine Hcl 0.1 Mg Tablet,-387,-387,-387,-787,-3293
Diazepam 10 Mg Tablet,24,24,24,16,481
Aspir-Low Ec 81 Mg Tablet,-2,-2,-2,-12,20
Targadox 50 Mg Tablet,27045,27030,27066,478813,2885566
Dapsone 5% Gel,-5051,-11869,1695,-6097,-5141
Ortho-Cyclen 28 Tablet,-1221,-1978,-487,-7250,-48348
Doxycycline Hyclate 20 Mg Tab,128,-186,421,262,732
Soolantra 1% Cream,-884,-4125,2330,-1339,-860
Naproxen 500 Mg Tablet,53,-7,112,320,523
Qvar 80 Mcg Oral Inhaler,247,247,247,486,1191
Levothyroxine 175 Mcg Tablet,-241,-241,-240,3804,10220
Acyclovir 400 Mg Tablet,-48266,-48267,-48266,-91043,-323668
Elidel 1% Cream,-847,-5400,3560,-1774,-3334
Triamterene-Hydrochlorothiazide 37.5-25 Mg Cp,-338,-338,-338,-1170,-1568
Omeprazole Dr 20 Mg Capsule,2,-129,132,3,84
Clindacin P 1% Pledgets,-261739,-261740,-261739,-746848,-1381358
Levonor-Eth Estra 0.09-0.02 Mg,-157,-937,604,-69,1579
Balziva 28 Tablet,-5,-449,445,16,175
Armodafinil 200 Mg Tablet,8078,8076,8078,17954,27934
Cimetidine 800 Mg Tablet,-2148,-2148,-2148,419,29743
Levitra 20 Mg Tablet,288,287,289,1077,8463
Tretinoin 0.05% Cream,-870,-4272,2580,-2505,-7331
Sulfacetamide Sod 10% Top Susp,18778,18778,18778,52054,98058
Myrbetriq Er 50 Mg Tablet,3131,3131,3131,2801,-44343
Rosuvastatin Calcium 10 Mg Tab,-92,-501,334,-418,3225
Doxycycline Hyc Dr 200 Mg Tab,-57377,-151925,34372,-143012,-437435
Sodium Sulfacetamide-Sulfur 10-2% Cream,-4386,-4386,-4386,-24890,-94901
Meloxicam 15 Mg Tablet,-894,-894,-894,-2615,-5043
Nystatin-Triamcinolone Cream,-5446,-5447,-5445,-10716,-24880
Clindamycin Phosp 1% Lotion,394,-179,955,901,1814
Topiramate 50 Mg Tablet,-713,-732,-692,-2464,787
Nortrel 0.5-35-28 Tablet,1,-485,493,-59,-245
Venlafaxine Hcl Er 150 Mg Cap,351,127,577,676,496
Estradiol 0.5 Mg Tablet,551,550,551,495,563
Emoquette 28 Day Tablet,4135,3435,4872,17790,39323
Clonidine Hcl 0.3 Mg Tablet,-8,-8,-8,-96,-225
Losartan-Hydrochlorothiazide 100-12.5 Mg Tab,92,92,92,342,740
Sertraline Hcl 100 Mg Tablet,280,18,534,571,1313
Retin-A Micro Pump 0.08% Gel,706,-3490,4876,1063,-601
Doxycycline Hyclate 100 Mg Cap,346,-1360,2012,1037,4472
Elinest-28 Tablet,-321,-321,-321,-401,-277
Armour Thyroid 120 Mg Tablet,123,17,229,299,100
Lovastatin 40 Mg Tablet,-301,-301,-301,-697,-666
Levothyroxine 150 Mcg Tablet,491,491,491,298,5888
Prempro 0.3 Mg-1.5 Mg Tablet,1733,1733,1733,1595,-5372
Livalo 4 Mg Tablet,-697,-699,-696,-1601,-5806
Nortriptyline Hcl 75 Mg Cap,-347,-347,-347,-1246,-2519
Victoza 3-Pak 18 Mg/3 Ml Pen,2191,2191,2191,4931,1872
Oracea 40 Mg Capsule,1154,-7655,10245,3871,10907
Finasteride 5 Mg Tablet,733,729,734,2435,3938
Clindamycin Ph 1% Solution,92,-576,746,255,179
Metamucil Powder,609,609,609,-914,-7160
Tacrolimus 0.1% Ointment,6647,4458,8804,26805,41348
Metformin Hcl Er 500 Mg Tablet,0,-30,31,-62,-140
Minocycline 100 Mg Capsule,3,-210,215,-36,-191
"Canasa 1,000 Mg Suppository",1818,1818,1818,5150,-933
Potassium Cl Er 8 Meq Capsule,68,68,68,336,-2173
Bisoprolol Fumarate 5 Mg Tab,3706,3706,3706,6617,47
Levothyroxine 25 Mcg Tablet,189,125,253,-460,-4048
Bd Ultra-Fine Pen Ndl 4mmx32g,288,288,288,534,416
Freestyle 28g Lancets,-101,-101,-101,-276,-661
Tri-Linyah Tablet,286,-114,698,489,357
Potassium Citrate Er 15 Meq Tb,3583,3582,3583,2575,-32386
Calcitriol 0.5 Mcg Capsule,-11411,-11411,-11411,-38197,-61591
Betamethasone Dp Aug 0.05% Crm,24338,24338,24338,52052,45828
Levothyroxine 112 Mcg Tablet,262,262,262,910,225
Aranelle 28 Tablet,1916,1912,1918,2940,-8188
Aspirin 81 Mg Chewable Tablet,52,52,52,107,106
Citalopram Hbr 40 Mg Tablet,602,535,669,1529,1128
Desvenlafaxine Suc Er 25 Mg Tb,336,336,336,1980,9079
Spironolactone 100 Mg Tablet,19,-282,318,77,343
Rosuvastatin Calcium 40 Mg Tab,866,270,1459,1701,3911
Gabapentin 800 Mg Tablet,531,531,531,963,-3778
Clindamycin Ph 1% Gel,-706,-1709,299,-1715,-4590
Delzicol Dr 400 Mg Capsule,-60199,-60212,-60190,-135519,-236619
Pentoxifylline Er 400 Mg Tab,605,605,605,1309,2460
Modafinil 200 Mg Tablet,6205,6205,6205,10716,10032
Tazarotene 0.1% Cream,4657,1335,8023,9371,20724
Meclizine 25 Mg Tablet,517,517,517,1957,11610
Liothyronine Sod 5 Mcg Tab,22013,22013,22013,42597,150837
Nuedexta 20-10 Mg Capsule,1931,1931,1931,6603,16951
Ketoconazole 2% Shampoo,58,-89,205,102,185
Mibelas 24 Fe Chewable Tablet,11546,2441,20748,39098,135024
Atenolol 25 Mg Tablet,-62,-62,-62,-935,-815
Levothyroxine 50 Mcg Tablet,50,-63,158,45,22
Escitalopram 20 Mg Tablet,911,234,1581,2047,4386
Betamethasone Dp 0.05% Crm,-3293,-3295,-3292,-3028,16144
Armour Thyroid 60 Mg Tablet,38,-9,84,94,232
Indomethacin 50 Mg Capsule,2590,2590,2590,7400,18401
Metronidazole 0.75% Cream,2,-965,936,75,574
Glyburide 2.5 Mg Tablet,279,279,279,-1022,-5292
Taclonex 0.005%-0.064% Suspension,2751,-4026,9237,12717,43102
Ramipril 10 Mg Capsule,42,42,42,119,118
Flecainide Acetate 150 Mg Tab,826,826,826,2176,4409
Triamcinolone 0.147 Mg/g Spray,60958,60957,60958,123820,232760
Metronidazole Topical 1% Gel,-671,-1087,-272,-1582,-2574
Valsartan 80 Mg Tablet,6952,6952,6952,29046,89589
Prednisone 1 Mg Tablet,1367,1367,1367,3881,2753
Mometasone Furoate 0.1% Cream,182,182,182,2850,9387
Econazole Nitrate 1% Cream,25424,24836,26024,87691,214501
Cefdinir 300 Mg Capsule,-1522,-1522,-1522,-3644,-5193
Symbicort 160-4.5 Mcg Inhaler,-6,-6,-6,-291,2034
Sildenafil 100 Mg Tablet,-566,-3016,1964,-491,7338
Amantadine 100 Mg Capsule,-2048,-2048,-2048,-6080,-3717
Bupropion Hcl Sr 150 Mg Tablet,726,156,1280,1576,2772
Metoprolol Succ Er 200 Mg Tab,-16,-16,-16,145,-127
Warfarin Sodium 5 Mg Tablet,3578,3578,3578,1878,-59516
Labetalol Hcl 200 Mg Tablet,-11091,-11093,-11091,-17709,-19212
Finasteride 1mg,52891,18914,85990,99761,182754
Doryx Dr 50 Mg Tablet,3771,3771,3771,37730,309230
"Vitamin D3 50,000 Units Caps",19,19,19,5,-416
Duloxetine Hcl Dr 30 Mg Cap,-106,-283,67,-1439,-15572
Falmina-28 Tablet,-5,-75,66,-1623,-8345
Prednisone 10 Mg Tablet,2895,2895,2895,7696,14124
Pimtrea 28 Day Tablet,1307,-946,3606,5728,16418
Ogestrel Tablet,-296,-301,-292,16,-1593
Sulfacetamide-Sulfur 8-4% Susp,63,-1242,1382,508,318
Ivermectin 3 Mg Tablet,34,34,34,28,-350
Atorvastatin 10 Mg Tablet,-51,-168,71,-181,-464
Clobetasol Emollnt 0.05% Foam,35750,35740,35761,48578,152608
Doxycycline Hyc Dr 150 Mg Tab,-872,-8603,6940,-9757,-44088
Fluocinonide 0.05% Ointment,-1353,-1353,-1352,-996,1265
Ciclopirox 0.77% Gel,1103,1103,1104,6971,9376
Citalopram Hbr 10 Mg Tablet,-398,-437,-359,-2601,-17727
Adapalene-Bnzyl Perox 0.1-2.5%,1425,-4397,7337,3221,5586
Naltrexone 50 Mg Tablet,-531,-782,-277,-2265,-6733
Fluocinolone 0.025% Cream,-1197,-1197,-1197,2351,26965
Allopurinol 300 Mg Tablet,15780,15780,15780,34589,48856
Melodetta 24 Fe Chewable Tab,1064,-7902,10060,9152,46101
Fluorouracil 5% Cream,2292,-952,5535,4806,12158
Sulfamethoxazole-Tmp Ss Tablet,-383,-383,-383,-276,1826
Mirvaso 0.33% Gel,2728,2728,2728,4507,12088
Doxycycline Mono 100 Mg Cap,-59,-358,246,-40,-203
Xolegel 2% Gel,-2844,-2844,-2844,-6629,-15761
Desonide 0.05% Cream,2361,725,3990,7293,6943
Clindamycin-Benzoyl Perox 1-5%,-1424,-6584,3830,-3068,-8696
Terbinafine Hcl 250 Mg Tablet,-809,-809,-807,-3848,-8100
Ciclopirox 8% Solution,-69,-432,298,28,714
Ketoconazole 2% Cream,253,-272,777,524,584
Luzu 1% Cream,6997,6300,7665,27806,-34128
Adapalene 0.1% Gel,6067,6067,6067,5607,32947
Caziant 28 Day Tablet,281,-364,924,658,2790
Doxycycline Mono 100 Mg Tablet,-3798,-3798,-3798,-14880,-45378
Adapalene 0.3% Gel,579,-3036,4212,817,-3596
Fluconazole 150 Mg Tablet,-133,-470,200,1315,15392
Flurandrenolide 0.05% Lotion,-279636,-279882,-279374,-442046,1314855
Kerydin 5% Topical Solution,-1267,-2346,-131,-189,2474
Doryx Dr 200 Mg Tablet,-27688,-39185,-15972,-33485,159417
Ziana Gel,-45831,-45852,-45825,-160099,-129439
Jolessa 0.15 Mg-0.03 Mg Tablet,6,-87,98,3374,16408
Cyred 28 Day Tablet,1602,1602,1602,2901,2734
Lyrica 150 Mg Capsule,6180,6180,6180,11818,15476
Keralac 47% Cream,-2105,-5925,1719,-2600,-269
Tri-Previfem Tablet,-329,-498,-161,-896,-412
Introvale 0.15-0.03 Mg Tablet,-4036,-4036,-4036,-8799,-16580
Desonate 0.05% Gel,-208,-916,478,-275,-323
Doxycycline Mono 150 Mg Tablet,15410,15406,15415,44986,82949
Retin-A Micro Pump 0.06% Gel,518,-2477,3519,836,745
Sernivo 0.05% Spray,-1556,-3330,243,-2402,-2269
Fluocinolone 0.025% Ointment,-5911,-5930,-5901,-12862,-51375
Clobetasol 0.05% Ointment,42367,42154,42580,70335,78477
Hydrocortisone 2.5% Ointment,-227,-227,-227,-301,-887
Cephalexin 500 Mg Capsule,-1092,-1092,-1092,-10327,-55936
Myorisan 10 Mg Capsule,-1333,-1341,-1329,-16375,-95345
Jublia 10% Topical Solution,-399,-2918,2186,-766,-1267
Fluocinolone 0.01% Solution,-859,-859,-859,934,9263
Amitriptyline Hcl 50 Mg Tab,-3921,-3921,-3921,-11445,-25310
Absorica 20 Mg Capsule,65262,65257,65268,139657,301358
Desonide 0.05% Ointment,10349,10345,10354,20542,50539
Imiquimod 5% Cream Packet,1456,910,1979,2780,1832
Sod Sulfacet-Sulfur 10-5% Clsr,-7780,-9115,-6439,-14654,-41769
Neo-Synalar 0.5%-0.025% Cream,10365,10365,10365,22773,46967
Clopidogrel 75 Mg Tablet,211,45,370,302,620
Sulfamethoxazole-Tmp Ds Tablet,-46,-150,59,-68,-20
Solodyn Er 80 Mg Tablet,-2760,-10942,5347,-7065,-20746
Glipizide 10 Mg Tablet,288,288,288,397,431
Tretinoin 0.01% Gel,5389,5389,5389,28532,106460
Clinda-Benzoyl Perox 1-5% Pump,34810,34789,34821,53047,70778
Clobetasol 0.05% Topical Lotn,-29072,-29073,-29070,-98955,-245630
Noritate 1% Cream,78948,78914,78977,143859,496475
Picato 0.015% Gel,-2308,-6214,1690,-1606,4824
Jolivette Tablet,-104,-225,12,-167,-262
Doxycycline Ir-Dr 40 Mg Cap,-3161,-12959,7015,-5810,-11425
Duloxetine Hcl Dr 20 Mg Cap,-64,-219,87,-270,-795
Escitalopram 5 Mg Tablet,358,153,555,1733,12547
Daysee 0.15-0.03-0.01 Mg Tab,-4552,-4552,-4550,-30348,-83803
Clinda-Tretinoin 1.2%-0.025%,7376,117,14971,41904,137193
Amoxicillin 500 Mg Capsule,6581,6580,6581,22461,87287
Ortho Micronor 0.35 Mg Tablet,-2444,-2444,-2444,-9344,-26614
Trianex 0.05% Ointment,23320,23318,23321,54536,296734
Dulera 100 Mcg/5 Mcg Inhaler,-20886,-20886,-20886,-47060,-50393
Doxycycline Mono 150 Mg Cap,-21158,-21158,-21158,-62859,-256123
Finacea 15% Gel,-1488,-3843,834,-3048,-7903
Cloderm 0.1% Cream,-2241,-2743,-1747,4897,-15309
Nystatin-Triamcinolone Ointm,-3055,-3055,-3055,-10047,-7752
Pravastatin Sodium 40 Mg Tab,-3296,-3298,-3294,-9344,-41632
Avar Cleanser,-119824,-121656,-117963,-259882,-584494
Selenium Sulfide 2.5% Lotion,17,17,17,-20,-284
Cyclafem 1-35-28 Tablet,928,928,928,1719,2784
Absorica 10 Mg Capsule,-4075,-4075,-4074,-4585,-27820
Clobetasol Prop 0.05% Foam,4269,-7435,16415,11621,36616
Propranolol 10 Mg Tablet,1152,-219,2506,3876,16631
Hydrocortisone 2.5% Cream,69,40,98,187,259
Mirvaso 0.33% Gel Pump,-266,-1755,1205,-643,-877
Avar Ls Cleanser,-6613,-6613,-6613,-26162,-46944
Picato 0.05% Gel,-121250,-121268,-121237,-274079,-665741
Benzoyl Peroxide 5% Wash,1520,1520,1521,3029,3571
Prednisone 20 Mg Tablet,206,206,206,395,836
Ibuprofen 600 Mg Tablet,139,139,139,551,3310
Folic Acid 1 Mg Tablet,-787,-787,-787,-1239,-1522
Acetaminophen 500 Mg Tablet,363,363,363,305,-2680
Alyacen 1-35-28 Tablet,2910,643,5257,6755,15722
Absorica 35 Mg Capsule,-2061,-2064,-2058,-7486,-23511
Estradiol 2 Mg Tablet,-640,-640,-640,-1263,-5606
Tranexamic Acid 650 Mg Tablet,-3801,-3801,-3801,-6062,7798
Ondansetron Odt 4 Mg Tablet,-675,-675,-675,157,7014
Levono-E Estrad 0.10-0.02-0.01,2458,-2495,7415,6303,11272
Metoprolol Tartrate 100 Mg Tab,-6466,-6466,-6466,-15984,-10360
Gabapentin 600 Mg Tablet,14437,14437,14437,46705,121504
Eszopiclone 2 Mg Tablet,-1800,-1800,-1800,-5197,-5301
Azurette 28 Day Tablet,149,-1167,1473,1080,3770
Vienva-28 Tablet,5730,-7158,18498,10454,11648
Lillow-28 Tablet,1918,-1226,4942,4579,7598
Metoprolol Succ Er 50 Mg Tab,-147,-147,-147,-523,-1758
Gianvi 3 Mg-0.02 Mg Tablet,274,-33392,33902,-1019,-7771
Tretinoin Gel Micro 0.04% Tube,-5728,-5737,-5719,-19960,-36450
Lisinopril-Hydrochlorothiazide 20-12.5 Mg Tab,-10562,-10562,-10561,-36237,-112784
Larin 1.5 Mg-30 Mcg Tablet,574,-1009,2196,749,919
Ranitidine 150 Mg Tablet,-273,-273,-273,-701,-406
Aripiprazole 15 Mg Tablet,-2659,-2659,-2659,-18878,-116746
Eszopiclone 3 Mg Tablet,5,5,5,689,1691
Fenofibrate 160 Mg Tablet,-3274,-3276,-3273,3907,36334
Larissia-28 Tablet,-84,-2797,2702,-130,122
Nefazodone Hcl 200 Mg Tablet,606,606,607,1451,2839
Proair Hfa 90 Mcg Inhaler,992,992,992,1711,8576
Mono-Linyah 28 Tablet,-6188,-38332,25027,-4038,92130
Methylprednisolone 4 Mg Dosepk,-5300,-5300,-5300,-5481,55736
Hm Low Dose Aspirin Ec 81 Mg,14,14,14,64,253
Tretinoin 0.1% Cream,-3606,-4694,-2563,-18623,-91463
Adapalene 0.1% Cream,16612,16612,16613,66857,191818
Ultravate 0.05% Lotion,-3368,-4295,-2444,-15219,-77623
Ecoza 1% Foam,-1397,-1901,-884,-3423,-4492
Tazorac 0.05% Cream,-362,-793,72,-1445,-145
Benzoyl Peroxide 5% Gel,-2900,-2900,-2900,-6935,-18513
Lessina-28 Tablet,-49,-201,101,163,837
Tretinoin 0.05% Gel,-127987,-127989,-127985,-509236,-818452
Prevacid Dr 30 Mg Capsule,665,665,666,1118,2090
Veltin 1.2 %-0.025 % Gel,582,578,587,-592,-9375
Sod Sulfacet-Sulfur 10-2% Clsr,-43206,-43212,-43204,-112928,-200682
Ssd 1% Cream,-264,-265,-264,-266,80
Tretinoin Gel Micro 0.1% Tube,601154,601129,601178,1008915,1204652
Sod Sulfacetam 10% Clnsng Gel,-17960,-17960,-17959,-69932,-258082
Minocycline 50 Mg Capsule,0,-1,0,-774,-8281
Chantix Starting Month Box,-4274,-4274,-4274,-9427,2512
Zyclara 3.75% Cream,-9320,-9320,-9320,-33506,-79496
Betamethasone Va 0.1% Cream,2519,2519,2519,5415,11969
Amox-Clav 875-125 Mg Tablet,-2022,-2022,-2022,-8890,-24921
Silver Sulfadiazine 1% Cream,-489,-489,-489,-2271,-4945
Clobetasol Prop 0.05% Spray,3118,-2663,8831,-2438,-22321
Androgel 1.62%(2.5g) Gel Pckt,-2805,-2805,-2804,-4045,-1497
Cetirizine Hcl 10 Mg Tablet,175,174,177,-5082,-34446
Bupropion Hcl 75 Mg Tablet,290,194,383,1172,6496
Azelex 20% Cream,-582,-582,-582,-1317,-2949
Tilia Fe 28 Tablet,870,-128,1837,1643,5297
Clocortolone Pivalate 0.1% Crm,41841,41841,41841,77391,92340
Sod Sulface-Sulf 9.8-4.8% Clsr,-23184,-23187,-23181,-52473,-27982
Doxycycline Hyclate 75 Mg Tab,244602,244602,244602,637986,997421
Veregen 15% Ointment,-1490,-1490,-1489,-2404,7872
Amethyst 90-20 Mcg Tablet,-102,-980,801,-907,-1520
Benazepril Hcl 20 Mg Tablet,1183,1183,1183,2438,2128
Layolis Fe Chewable Tablet,-4341,-4341,-4340,-6408,-18173
Xiidra 5% Eye Drops,2034,2034,2035,4254,3858
Betamethasone Dp 0.05% Lot,92,92,92,105,229
Sronyx 0.10-0.02 Mg Tablet,96,-179,368,182,151
Minocycline Hcl 100 Mg Tablet,-1178,-1179,-1177,-2315,-5953
Minocycline Hcl 50 Mg Tablet,-3264,-3264,-3264,-5913,29270
Oxybutynin 5 Mg Tablet,3637,3637,3637,14647,22452
Calcipotriene 0.005% Cream,46859,45451,48217,178060,473474
Blisovi Fe 1.5-30 Tablet,-28,-240,185,-210,-906
Calcipotriene-Betameth Dp Oint,8924,8905,9006,89361,48879
Metronidazole Topical 0.75% Gl,3611,3611,3611,330,-89058
Halobetasol Prop 0.05% Ointmnt,3538,3538,3538,7597,24993
Doxycycline Hyclate 150 Mg Tab,-26677,-37771,-16194,-46760,-73703
Plexion 9.8-4.8% Cleanser,2855,-6431,12559,6515,14557
Ximino Er 90 Mg Capsule,-32039,-37330,-26762,-107732,284922
Halobetasol Prop 0.05% Cream,-7643,-7645,-7642,-16787,-15798
Benzoyl Peroxide 2.5% Gel,337,337,337,-325,-6839
Triamcinolone 0.025% Cream,290,290,290,786,2228
Glycopyrrolate 1 Mg Tablet,395,395,395,84,1131
Desoximetasone 0.05% Ointment,8664,8664,8665,32692,120000
Azithromycin 250 Mg Tablet,-294,-354,-235,-1724,-9293
Amoxicillin 875 Mg Tablet,802,802,802,3067,726
Mirtazapine 30 Mg Tablet,2548,2548,2549,8200,28225
"Vitamin D3 2,000 Unit Softgel",-1781,-1781,-1781,-2770,-4511
Tri-Luma Cream,917,-120,1925,1970,3034
Levocetirizine 5 Mg Tablet,158,127,189,931,6973
Testosterone Cyp 200 Mg/ml,-518,-518,-518,-804,-5587
Necon 7-7-7-28 Tablet,-49,-50,-49,253,2690
Cefuroxime Axetil 250 Mg Tab,-46,-46,-46,2880,-11593
Hm Pain Relief 500 Mg Tablet,31,31,31,116,56
Flurandrenolide 0.05% Ointment,-974,-974,-974,-3086,-12297
Solodyn Er 105 Mg Tablet,-14546,-22289,-6796,-30669,-68069
Permethrin 5% Cream,-192,-192,-192,1095,-1019
Solodyn Er 65 Mg Tablet,16186,16175,16200,116045,539387
Fluticasone Prop 0.05% Cream,-264,-264,-264,986,124
Noret-Estr-Fe 0.4-0.035(21)-75,5481,5480,5483,10975,-5583
Solodyn Er 55 Mg Tablet,7634,7628,7640,-12647,-170882
Cyclafem 7-7-7-28 Tablet,1100,1097,1105,6039,24927
Femynor 28 Tablet,-139,-1903,1663,-361,-286
Ciclopirox 0.77% Cream,2534,2534,2534,3091,35339
Bd Ultra-Fine Pen Ndl 5mmx31g,-1566,-1566,-1566,-3160,-8672
Clotrimazole 1% Cream,-383,-383,-383,-794,526
Fluocinolone 0.01% Scalp Oil,1042,802,1272,2412,1997
Gemfibrozil 600 Mg Tablet,-584,-584,-584,2112,10786
Azithromycin 500 Mg Tablet,16243,16243,16243,53003,52853
Lamotrigine 100 Mg Tablet,1052,1052,1052,1986,-1932
Selenium Sulfide 2.25% Shampoo,5961,5961,5961,13803,33857
Cordran 4 Mcg/sq Cm Tape Large,-3576,-3578,-3575,-5711,24914
Dasetta 1-35-28 Tablet,-420,-1240,399,-1045,-3486
Atenolol 50 Mg Tablet,558,557,558,2247,5996
Nortrel 1-35 21 Tablet,6486,6486,6486,12992,16364
Xarelto 20 Mg Tablet,-20935,-20936,-20934,-66421,-71897
Acanya Gel Pump,4466,4464,4467,10579,14188
Clocortolone 0.1% Cream Pump,48570,48570,48570,130734,229316
Utopic 41% Cream,-1255,-8021,5460,-2931,-4878
Doxycycline Hyclate 50 Mg Cap,422,-238,1090,516,371
Desonide 0.05% Lotion,26480,26471,26484,99830,130784
Fluoxetine Hcl 10 Mg Capsule,625,547,701,1719,5543
Effexor Xr 150 Mg Capsule,-12050,-12053,-12046,-38609,-133567
Sertraline Hcl 25 Mg Tablet,1,-208,208,12,-29
Betamethasone Dp 0.05% Oint,151,151,151,270,-849
Minocycline Er 65 Mg Tablet,25931,25931,25931,101428,304256
Mometasone Furoate 0.1% Oint,636,636,636,-3301,-22824
Adapalene 0.3% Gel Pump,-16280,-16284,-16275,-28661,-53032
Benzefoam Ultra 9.8% Foam,-4822,-4822,-4822,-11403,-32335
Sodium Sulfacetamide 10% Wash,-1817,-1820,-1814,-3588,-5508
Metronidazole Top 1% Gel Pump,-24436,-24436,-24436,-127646,-350565
Vytone Cream Packet,2407,-2459,7279,4920,12312
Calcipotriene 0.005% Solution,-11014,-11014,-11014,-51733,-135443
Sulfacleanse 8-4 Suspension,-6080,-6080,-6080,-13715,-21063
Clindagel 1% Gel,-85617,-85764,-85462,-136450,382443
Celecoxib 200 Mg Capsule,313,313,313,1218,2293
Halog 0.1% Cream,-30798,-30804,-30792,-55133,-78359
Clobetasol 0.05% Gel,3352,3352,3352,8912,23486
Necon 0.5-35-28 Tablet,652,-548,1856,1358,2470
Amethia Lo Tablet,3809,-914,8481,7660,16293
Lansoprazole Dr 30 Mg Capsule,-391,-391,-390,206,575
Alclometasone Dipro 0.05% Crm,-19103,-19103,-19103,-36790,4147
Avar-E Ls Cream,31857,31824,31890,70917,97302
Fluocinolone 0.01% Body Oil,12766,12765,12766,29629,42065
Ala-Scalp 2% Lotion,11897,11897,11898,22696,47314
Tretinoin Gel Micro 0.04% Pump,-11970,-11973,-11966,-23655,-57167
Nicadan Tablet,-4107,-4107,-4107,-9576,-8904
Benzoyl Peroxide 10% Wash,-718,-718,-718,-936,1529
Verdeso 0.05% Foam,5113,5113,5114,10250,9878
Ketoconazole 2% Foam,-2937,-2937,-2937,329,-7662
Tolak 4% Cream,-3798,-3806,-3786,-9978,-14053
Phentermine 37.5 Mg Tablet,5392,5392,5392,11866,15685
Tazorac 0.05% Gel,1115,1115,1115,1010,-9745
Zyclara 3.75% Cream Pump,-61605,-61605,-61605,-174180,-405666
Safyral Tablet,7799,7799,7799,16193,11000
Calcipotriene 0.005% Ointment,35340,35339,35340,125888,278503
Larin 24 Fe 1 Mg-20 Mcg Tablet,565,-1391,2426,1043,2265
Naftifine Hcl 2% Cream,1948,1948,1948,4289,8475
Sumadan 9%-4.5% Wash,-48915,-48951,-48872,-106622,-246108
Ammonium Lactate 12% Cream,9631,9631,9631,24657,55663
Diclofenac Sodium 1% Gel,-682,-682,-682,-1167,8126
Retin-A 0.05% Cream,1547,1216,1880,5725,7044
Quasense 0.15-0.03 Mg Tablet,-620,-622,-619,-170,4724
Estradiol 1 Mg Tablet,948,948,948,3087,7239
Impoyz 0.025% Cream,3062,-10288,16074,6723,2296
Oxistat 1% Lotion,-2003,-2007,-1996,-5855,10116
Clobex 0.05% Spray,-155702,-155702,-155702,-1527210,-5849834
Riax 5.5% Foam,2870,-1007,6726,7325,18198
Ondansetron Hcl 4 Mg Tablet,302,302,302,929,640
Nicaprin Tablet,350,-4201,4921,108,-3733
Acne Medication 5% Lotion,9,9,9,18,39
Sildenafil Tab 100mg Torr 30@,171,-973,1279,532,-4665
Tazorac 0.1% Gel,11128,11128,11128,28190,41307
Betamethasone Valer 0.12% Foam,-7279,-7279,-7279,-21321,-26949
Nolix 0.05% Lotion,-12564,-20371,-4714,-22774,-43591
Riax 9.5% Foam,1396,-864,3723,4703,13132
Selrx 2.3% Shampoo,-2948,-8889,2879,-6885,-17596
Furosemide 80 Mg Tablet,9,9,9,-2232,-9387
"Nystatin 100,000 Unit/gm Cream",-197,-197,-197,270,4336
Myrbetriq Er 25 Mg Tablet,-9725,-9726,-9724,2495,-74529
Ibuprofen 800 Mg Tablet,338,338,338,928,1299
Levothyroxine 137 Mcg Tablet,96,92,103,2625,2282
Progesterone 200 Mg Capsule,262,-102,644,501,966
Setlakin 0.15 Mg-0.03 Mg Tab,-26311,-26311,-26311,-65187,-53783
Acyclovir 800 Mg Tablet,5529,2224,8892,11338,24813
Glyburide 5 Mg Tablet,115,115,115,347,1362
Triamcinolone 0.5% Cream,-274,-274,-274,-1035,-6244
Norg-Ee 0.18-0.215-0.25/0.035,11500,-3944,27502,27105,60943
Chateal-28 Tablet,-15436,-15480,-15399,-25859,-45513
Synthroid 88 Mcg Tablet,161,161,161,436,835
Prazosin 5 Mg Capsule,111,111,111,1531,2295
Lisinopril 5 Mg Tablet,2481,2480,2481,5872,7096
Furosemide 40 Mg Tablet,219,219,219,332,-607
Quetiapine Fumarate 50 Mg Tab,5238,5137,5342,23815,141377
Metoprolol Succ Er 100 Mg Tab,-3765,-3765,-3765,-6947,-9582
Hydrocortisone 2.5% Lotion,2110,2110,2110,4800,3822
Cephalexin 250 Mg Tablet,892,892,892,2607,4887
Venlafaxine Hcl 37.5 Mg Tablet,-14872,-14878,-14868,-46046,-153524
Epiduo 0.1-2.5% Gel Pump,-44009,-44011,-44007,-47949,-416211
Clindamycin Phosphate 1% Foam,881,881,882,1416,58
Mesalamine Dr 1.2 Gm Tablet,139816,139812,139817,140991,586555
Clonidine Hcl 0.2 Mg Tablet,-55,-55,-55,-66,19
Ferrous Sulfate 325 Mg Tablet,-21,-21,-21,-49,-3
Sucralfate 1 Gm Tablet,223,223,223,-126,-2565
Nolix 0.05% Cream,-30950,-46122,-15547,-58956,-120333
Hydrochlorothiazide 12.5 Mg Cp,1281,1281,1281,3008,2944
Montelukast Sod 5 Mg Tab Chew,2806,2806,2806,6209,7975
Philith 0.4-0.035 Mg Tablet,203,-1067,1473,334,1134
Qvar Redihaler 80 Mcg,998,998,998,3262,8939
Xalix 28% Solution,667,485,849,3292,18403
Bimatoprost 0.03% Eyelash Soln,-1205,-1205,-1205,-5274,-29758
Benzepro 6% Foaming Cloths,-4261,-4261,-4261,-10927,-26458
Neuac Gel,344877,344835,344927,456221,-2081033
Ovace Plus Wash 10% Clnsng Gel,-4635,-4635,-4635,-5965,3426
Januvia 100 Mg Tablet,5389,5389,5389,3396,2728
Simvastatin 80 Mg Tablet,131,131,131,-315,-4663
Linzess 145 Mcg Capsule,331,331,331,1533,3425
Ropinirole Hcl 2 Mg Tablet,197,197,197,1532,7962
Lamotrigine 150 Mg Tablet,96,96,96,229,494
Doxycycline Hyc Dr 50 Mg Tab,5377,-10402,21340,-31590,-391233
Breo Ellipta 100-25 Mcg Inh,-2300,-2302,-2297,-8611,-22291
Quetiapine Fumarate 25 Mg Tab,168,68,266,920,9790
Dasetta 7/7/7-28 Tablet,-5170,-5170,-5170,16286,177308
Minocycline Er 90 Mg Tablet,-16219,-16219,-16219,-102542,-459963
Plexion 9.8-4.8% Clnsing Cloth,-94,-3278,2973,-322,-66
Vesicare 5 Mg Tablet,-14518,-14518,-14518,-14669,8823
Plexion 9.8-4.8% Cream,-965,-5064,3132,-2608,-5457
Larin 21 1-20 Tablet,3896,432,7325,6621,3034
Doxycycline Hyc Dr 100 Mg Tab,3110,-1350,7440,11080,43803
Plexion 9.8-4.8% Lotion,-1743,-5339,1935,-3029,-844
Tri-Lo-Estarylla Tablet,-70427,-87690,-52996,-331206,-894546
Urea 20% Cream,1107,1107,1107,2917,5015
Ala-Quin 3-0.5% Cream,-13647,-13647,-13647,-24240,-101040
Np Thyroid 60 Mg Tablet,191,191,191,93,-183
Midodrine Hcl 10 Mg Tablet,4739,4734,4747,10384,27200
Rhopressa 0.02% Ophth Solution,6303,6303,6303,9589,6153
Zolpidem Tart Er 12.5 Mg Tab,-4567,-4568,-4566,-4879,-6895
Bupropion Hcl Sr 100 Mg Tablet,169,-5,350,344,-1786
Sod Sulface-Sulfur 9-4.5% Wash,14889,14889,14889,40635,31033
Pantoprazole Sod Dr 20 Mg Tab,-42,-42,-42,0,589
Zolpidem Tartrate 10 Mg Tablet,-180,-180,-180,-668,-1368
Perforomist 20 Mcg/2 Ml Soln,-3661,-3663,-3660,-7544,-3497
Cymbalta 60 Mg Capsule,211,210,211,305,-5
Magnesium Oxide 250 Mg Tablet,-33,-33,-33,109,1057
Prazosin 1 Mg Capsule,-3686,-3692,-3678,-10210,-18621
Nitrofurantoin Mono-Mcr 100 Mg,-1813,-1813,-1813,-6730,-23448
Diclofenac Sod Er 100 Mg Tab,-1351,-1351,-1351,-3439,-5746
Nifedipine Er 60 Mg Tablet,2624,2624,2624,6032,14323
Glipizide Er 10 Mg Tablet,5116,5116,5116,10638,7985
Levothyroxine 200 Mcg Tablet,-1522,-1522,-1522,-3227,4197
Levetiracetam 750 Mg Tablet,-363,-363,-363,-508,3513
Lantus 100 Units/ml Vial,-1875,-1875,-1875,1707,68032
Edarbyclor 40-12.5 Mg Tablet,1529,1529,1529,-18259,-75205
Metronidazole 500 Mg Tablet,624,340,913,961,-191
Addyi 100 Mg Tablet,-1054,-2811,641,-3804,-12623
Leucovorin Calcium 5 Mg Tab,172,172,172,534,1073
Altabax 1% Ointment,-6782,-6782,-6782,-3297,-29
Doxazosin Mesylate 8 Mg Tab,2337,2337,2337,5121,8331
Qbrexza 2.4% Cloth,2772,808,4719,13877,75822
Norg-Ee 0.18-0.215-0.25/0.025,8057,3298,12972,20207,70372
Benztropine Mes 0.5 Mg Tab,-1659,-1659,-1659,-5478,-15703
Amitriptyline Hcl 25 Mg Tab,1038,1037,1039,3125,10250
Urea 40% Cream,-4115,-4115,-4115,-1107,33828
Calcium 600 Mg Tablet,-375,-375,-375,-1231,-7743
Clindamycin Phosphate 1% Gel,-111285,-111285,-111285,-282906,365961
Tacrolimus 0.03% Ointment,3325,3325,3325,13319,101239
Buspirone Hcl 5 Mg Tablet,530,260,798,1298,2765
Altreno 0.05% Lotion,345,-1134,1787,524,1560
Fluoxetine Hcl 20 Mg Tablet,2898,2177,3638,13497,68082
Glimepiride 4 Mg Tablet,109,108,109,-223,-1468
Hm Omeprazole Dr 20 Mg Tablet,-39,-39,-39,-158,40
Atovaquone-Proguanil 250-100 Mg Tablet,-2883,-2883,-2883,-676,52371
Minocycline Er 115 Mg Tablet,40637,40609,40658,-25743,25417
Fetzima Er 120 Mg Capsule,-4592,-4592,-4592,-12243,-53097
Mesalamine 4 Gm/60 Ml Enema,5266,5266,5266,-20331,-317745
Duloxetine Hcl Dr 40 Mg Cap,704,469,931,4395,43901
Dermotic Oil 0.01% Ear Drops,-1397,-1397,-1397,-2338,-1527
Clobetasol Emulsion 0.05% Foam,-96362,-96362,-96362,-47992,2585702
Venlafaxine Hcl Er 37.5 Mg Cap,-639,-1378,85,-1242,26371
Podiapn Capsule,911,911,911,2525,2812
Armour Thyroid 15 Mg Tablet,145,145,145,766,212
Apriso Er 0.375 Gram Capsule,64,63,65,2783,8099
Xerese 5%-1% Cream,99144,99144,99145,249854,538869
Dicyclomine 10 Mg Capsule,556,552,559,1199,3684
Esomeprazole Mag Dr 20 Mg Cap,728,728,728,1643,5916
Propranolol Er 160 Mg Capsule,-5959,-5960,-5957,211,33642
Potassium Cl Er 20 Meq Tablet,352,352,352,3382,4507
Fenofibrate 145 Mg Tablet,2794,2794,2794,3546,-180
Digoxin 0.125 Mg Tablet,-3593,-3593,-3593,-8204,-14410
Simvastatin 10 Mg Tablet,-1065,-1065,-1065,-3372,-3424
Clind Ph-Benzoyl Pero 1.2-2.5%,3712,3711,3716,7683,20818
Propranolol 40 Mg Tablet,644,644,644,1522,3686
Azelaic Acid 15% Gel,-10663,-10863,-10553,-26018,-30112
Sulfacetamide-Sulfur 10-5% Crm,-22180,-22182,-22178,-59150,-88968
Norg-Ethin Estra 0.25-0.035 Mg,-9330,-9330,-9329,-11239,4195
Minocycline Hcl 75 Mg Tablet,158,157,159,-137,2813
Paroxetine Hcl 10 Mg Tablet,326,324,327,1137,3965
Aripiprazole 5 Mg Tablet,736,606,860,2603,8496
Paroxetine Hcl 40 Mg Tablet,2862,2862,2862,3351,-12683
Sertraline Hcl 50 MG TAB,8941,5281,12735,27343,96161
Tadalafil 5 Mg Tablet,-33735,-43500,-24197,-203693,-1058737
Sumatriptan Succ 100 Mg Tablet,599,597,600,1615,3684
Humalog 100 Units/ml Vial,-751,-752,-750,-3495,-1360
Mometasone Furoate 50 Mcg Spry,-1472,-1473,-1471,-3889,-5381
Hydrocortisone Buty 0.1% Cream,-17222,-17222,-17222,-32520,-12775
"Vitamin D3 5,000 Unit Capsule",5531,5531,5531,19587,39430
Triamterene-Hydrochlorothiazide 75-50 Mg Tab,-73,-73,-73,-34,176
Carvedilol 25 Mg Tablet,203,200,206,32,-978
Doxycycline 50 Mg Tablet,28825,13619,44560,112135,386307
Doxazosin Mesylate 2 Mg Tab,-1361,-1361,-1361,-3074,-6805
Lamotrigine 25 Mg Tablet,193,193,193,269,-394
Isibloom 28 Day Tablet,4159,3653,4650,9241,-12450
Victoza 2-Pak 18 Mg/3 Ml Pen,5258,5258,5258,22923,37791
Doxycycline Mono 75 Mg Capsule,14933,14930,14935,43727,186466
Hydrocortisone 5 Mg Tablet,-628,-629,-628,-1768,3059
Minocycline Er 55 Mg Tablet,25533,25527,25540,75152,79200
Olanzapine 2.5 Mg Tablet,287,287,287,319,-12
Quinapril 40 Mg Tablet,65,65,65,241,712
Naftin 2% Gel,492,491,494,-53,-2302
Bryhali 0.01% Lotion,24,-1285,1394,74,636
Buspirone Hcl 10 Mg Tablet,415,127,704,1150,3482
Lamotrigine 200 Mg Tablet,195,195,196,-246,7115
Methotrexate 2.5 Mg Tablet,-4366,-4368,-4364,-14981,-36787
Donepezil Hcl 10 Mg Tablet,-997,-997,-997,-3341,-5466
Hydroxyzine Pam 25 Mg Cap,-2875,-2876,-2875,-6134,-11901
Metronidazole 0.75% Lotion,9313,9313,9313,16464,28913
Synthroid 150 Mcg Tablet,170,170,170,534,847
Armour Thyroid 180 Mg Tablet,-124,-124,-124,-703,-2319
Sildenafil 50 Mg Tablet,-642,-1063,-204,-3566,-27065
Chlorzoxazone 500 Mg Tablet,8916,8916,8916,37351,127784
Hydrocort Buty 0.1% Lipo Cream,-66545,-66545,-66545,-118099,11605
Buprenorphine-Naloxone 2-0.5 Mg Sl Tablet,-2702,-2705,-2697,-40944,-241229
Mirtazapine 7.5 Mg Tablet,84,-407,568,-1354,-23620
Memantine Hcl 5 Mg Tablet,-2548,-2548,-2548,-5296,-10933
Hm Sleep Aid 25 Mg Tablet,-1320,-1320,-1320,-2703,-2820
Sumaxin Cleansing Pads,-464,-464,-464,-1406,10556
Hydrochlorothiazide 12.5 Mg Tb,67,67,67,222,293
Kelnor 1-50 Tablet,1654,1647,1663,4002,4303
Tazorac 0.1% Cream,47706,47705,47707,-115574,-398660
Latanoprost 0.005% Eye Drops,7443,7443,7443,19938,47456
Mirtazapine 15 Mg Tablet,511,393,633,2250,15346
Descovy 200-25 Mg Tablet,-1565,-1565,-1564,-2445,-3213
Tivicay 50 Mg Tablet,2326,2326,2326,5835,14630
Buprenorphine-Naloxone 8-2 Mg Sl Tablet,-639,-640,-639,-1503,-6436
Banophen 25 Mg Tablet,106,106,106,212,454
Zomig 5 Mg Nasal Spray,559,559,559,-97,-6012
Chlorhexidine 0.12% Rinse,0,0,0,11,460
Erythromycin 2% Solution,632,627,637,1952,3975
Glipizide Er 5 Mg Tablet,607,607,607,-1867,-8184
Venlafaxine Hcl 75 Mg Tablet,-496,-496,-496,1207,22013
Alendronate Sodium 70 Mg Tab,6,6,6,86,193
Fluoxetine Hcl 10 Mg Tablet,108,-16,231,379,4687
Entresto 49 Mg-51 Mg Tablet,1445,1445,1445,2761,3723
Halobetasol Prop 0.05% Foam,17120,1242,32583,106269,844765
Amlodipine-Benazepril 10-20 Mg,178,178,178,1005,1628
Pimecrolimus 1% Cream,-64863,-64863,-64863,-109661,-139892
Linzess 290 Mcg Capsule,-548,-548,-548,-996,1681
Guanfacine 1 Mg Tablet,-544,-545,-542,-4715,-58010
Probenecid 500 Mg Tablet,27620,27620,27620,69946,138379
Desvenlafaxine Suc Er 50 Mg Tb,-593,-842,-345,-4428,-31532
Vitafol Gummies,10,10,10,-5,-400
Seysara 100 Mg Tablet,3723,1525,5953,23385,144183
Promethazine 25 Mg Tablet,-540,-540,-540,-305,646
Cimetidine 300 Mg Tablet,128,128,128,209,-554
Quetiapine Fumarate 100 Mg Tab,-942,-945,-939,-3835,-10323
Leena 28 Tablet,-39,-39,-39,-491,-2871
Ropinirole Hcl 1 Mg Tablet,3725,3725,3725,11432,50336
Synthroid 50 Mcg Tablet,6916,6434,7388,34867,126595
Doxazosin Mesylate 1 Mg Tab,2198,2198,2198,4829,11044
Exelderm 1% Cream,-3075,-3079,-3071,-11619,6921
Zonisamide 100 Mg Capsule,560,560,560,1504,-728
Nitrofurantoin Mcr 50 Mg Cap,19710,19710,19710,46855,50972
Valsartan-Hydrochlorothiazide 160-25 Mg Tab,2907,2907,2907,2896,-17028
Bupropion Hcl 100 Mg Tablet,-83,-373,204,-212,4784
Olanzapine 5 Mg Tablet,7113,7113,7113,18852,33150
Doxycycline Mono 75 Mg Tablet,-1079,-1079,-1079,-3447,-4939
Tolsura 65 Mg Capsule,2135,-179,4497,14956,95902
Benzonatate 100 Mg Capsule,733,733,733,1985,3003
Desoximetasone 0.25% Ointment,-1512,-1512,-1512,-83,7291
Estrostep Fe-28 Tablet,218,218,218,-887,-4840
Loestrin 21 1-20 Tablet,1079,1079,1079,6524,10702
Sharobel 0.35 Mg Tablet,-5475,-5557,-5410,-9200,68484
Tadalafil 5mg,-4421,-6854,-2037,-32041,-198880
Ergotamine-Caffeine 1-100 Mg Tb,-642,-997,-217,-3761,-18180
Myzilra-28 Tablet,3739,3711,3766,-27185,-215545
Aripiprazole 2 Mg Tablet,809,693,926,2731,5304
Tadalafil 20 Mg Tablet,-1496,-2370,-603,-8806,-51555
Drosp-Ee-Levomef 3-0.03-0.451,3444,3443,3445,53332,390905
Toujeo Max Solostar 300 Unit/ml,674,674,674,1820,1711
Seysara 150 Mg Tablet,-28239,-28298,-28167,-108687,-339353
Seysara 60 Mg Tablet,36450,36300,36599,161729,633605
Tadalafil Tab 5mg,13359,10578,16228,46463,107538
Venlafaxine Hcl Er 150 Mg Tab,-16042,-16043,-16042,-36657,-65201
Levetiracetam 500 Mg Tablet,402,390,414,2546,15387
Esomeprazole Mag Dr 40 Mg Cap,972,971,972,5628,29350
Olanzapine 15 Mg Tablet,767,765,770,8022,42172
Ximino Er 45 Mg Capsule,20842,20842,20842,-4010,-155900
Kaitlib Fe Chewable Tablet,17310,17307,17313,41448,39708
Albuterol Sul Hfa 90 Mcg Inh,-648,-648,-647,-1589,-3091
Synthroid 25 Mcg Tablet,880,880,880,2017,-876
L-Methylfolate Calcium 15 Mg,512,506,519,1224,47
Balcoltra Tablet,-1050,-1050,-1050,-1275,-6411
Synthroid 112 Mcg Tablet,-249,-249,-249,-384,163
Rizatriptan 10 Mg Odt,-336,-336,-336,-1405,-2710
Prazosin 2 Mg Capsule,-307,-307,-307,44,2594
Buspirone Hcl 7.5 Mg Tablet,453,355,548,872,-6282
Doxycycline Mono 50 Mg Cap,-36,-36,-36,-232,-1066
Dapsone 25 Mg Tablet,-8137,-8137,-8137,-24882,-46364
Tadalafil 10 Mg Tablet,2485,449,4570,17844,175510
Divalproex Sod Dr 500 Mg Tab,592,591,592,1091,-1757
Ketorolac 10 Mg Tablet,-1252,-1252,-1252,-2872,-7664
Jardiance 25 Mg Tablet,129,129,129,-1113,-5704
Timolol Maleate 0.5% Eye Drops,-1126,-1126,-1126,-4809,-21883
Pravastatin Sodium 10 Mg Tab,177,177,177,446,1155
Sildenafil 25 Mg Tablet,-532,-532,-532,-217,8385
Trazodone 150 Mg Tablet,-1686,-1686,-1686,-3587,-8654
Exelderm 1% Solution,-130194,-130194,-130188,-232482,-19948
Desvenlafaxine Suc Er 100 Mg,297,290,307,948,7381
Bupropion Hcl Sr 200 Mg Tablet,1722,1717,1726,2320,11094
Brilinta 90 Mg Tablet,405,405,405,-1216,-10317
Suprax 400 Mg Capsule,72,67,77,-3,-82
Gelnique 10% Gel Sachet,852,852,853,1847,244
Rosuvastatin Calcium 5 Mg Tab,-6208,-6208,-6208,-14897,-44405
Fluoxetine Hcl 60 Mg Tablet,-919,-966,-879,2932,16448
Buspirone Hcl 30 Mg Tablet,-8568,-8568,-8568,-15550,-11848
Transderm-Scop 1.5 Mg (1 Mg/3d),-1182,-1183,-1181,-4454,-4876
Ajovy 225 Mg/1.5 Ml Syringe,237325,232983,241752,-298446,-334117
Aimovig 70 Mg/ml Autoinjector,-33414,-33428,-33402,-94412,-114250
Topiramate 100 Mg Tablet,256,243,264,1481,2090
"Vitamin B-12 1,000 Mcg Tablet",-6,-14,2,-23,-12
Emgality 120 Mg/ml Pen,-137042,-137042,-137042,-454922,-1237482
Potassium Cl Er 10 Meq Tablet,-11100,-11108,-11091,-25568,-23195
"Vitamin D3 2,000 Unit Tablet",-20,-20,-19,-98,-368
Suboxone 8 Mg-2 Mg Sl Film,850,849,851,-1078,-1134
Cyclobenzaprine 5 Mg Tablet,1465,1465,1465,3129,4283
Buprenorphine 8 Mg Tablet Sl,-2081,-2081,-2081,-14721,-42796
Aimovig 140 Mg/ml Autoinjector,-9492,-9587,-9397,-5323,-214551
Disulfiram 250 Mg Tablet,3468,3465,3471,10067,12641
Stendra 100 Mg Tablet,18,-334,373,1976,36167
Sod Sulfacetamide-Sulfur Susp,397,397,397,795,1703
Guanfacine Hcl Er 2 Mg Tablet,939,924,945,2289,106
Fluvoxamine Maleate 50 Mg Tab,625,625,625,4584,20004
Synthroid 100 Mcg Tablet,-277,-278,-277,-620,-1390
Adapalene 0.1% Swab,-190091,-190093,-190085,-718285,-1876135
Duobrii 0.01%-0.045% Lotion,12360,9583,15196,54100,156119
Divalproex Sod Er 500 Mg Tab,-359,-362,-356,3935,19244
Estarylla 0.25-0.035 Mg Tablet,-3274,-3296,-3256,-7166,-8192
Pirmella 1-35-28 Tablet,2037,2037,2038,2923,-2120
Nortriptyline Hcl 25 Mg Cap,219,218,220,608,2187
Amitriptyline Hcl 10 Mg Tab,321,317,325,-1882,-5198
Lexette 0.05% Foam,-21973,-31553,-12438,-93934,-351269
Paroxetine Hcl 30 Mg Tablet,304,304,304,751,1310
Tadalafil 2.5 Mg Tablet,-1891,-1892,-1891,-3295,-1564
Hyclodex 0.012% Spray Solution,2082,1945,2228,16644,84823
Deblitane 0.35 Mg Tablet,5320,5104,5543,31604,183389
Medroxyprogesterone 10 Mg Tab,-281,-285,-279,220,219
Topiramate 25 Mg Tablet,149,148,151,178,-298
Drithocreme Hp 1% Cream,-20955,-20987,-20909,-58510,-127509
